Workbook

Sheet ReadMe
A1: AI model energy calculator: MVP, task-first
A3: Purpose
A4: Estimates the marginal energy impact of right-sizing AI model choice. Task-first logic: a task determines which models are capable of it and how many tokens each model actually burns on it. MVP scope: eight models across OpenAI, Anthropic, and Google (the source has no small Google model). Energy first; carbon factors are built in.
A6: Structure
A7: Models: 20 curated models with energy per query, capability data, and effort class. Tasks: four archetypes with capability floors and effort-dependent token counts. Calculator: A vs B on a chosen task, with capability warnings and an optional success adjustment. Scenarios: routing (headline), single-model shift, and grid comparison.
A9: Key logic
A10: Thinking models emit reasoning tokens on every task, so using a high-effort model for a simple task costs more both per token and in tokens. Models below a task's capability floor get a warning: the comparison is shown but flagged as not meaningful. The optional quality view divides energy by a success proxy (confidence C) to price in failed attempts.
A12: Confidence grades
A13: A = vendor-disclosed. B = estimated from API telemetry (all energy rows). C = editorial working assumption (task token counts, traffic mix, calls per agentic task, success proxy, two estimated intelligence indexes).
A15: Two caveats that matter
A16: 1. Vendor disclosures sit roughly 10x below these estimates (Google: 0.24 Wh per median Gemini prompt; OpenAI: 0.34 Wh per average ChatGPT query) because they cover shorter prompts and assume high batching. Treat levels as indicative and comparisons as the signal.
A17: 2. Telemetry conflates model size with serving speed: a slowly served small model can score worse than a fast large one (Claude 4.5 Haiku vs Sonnet). The cross-tier pattern is robust; single readings are not.
... A20: Snapshot 2026-08-12 from github.com/Nidhal-Jegham/HowHungryisAIDashboard (Artificial Analysis telemetry). Curated and raw CSVs in /data. Key sources: arxiv.org/abs/2505.09598 - cell.com/joule/fulltext/S2542-4351(26)00114-5 - theclimatebrink.com/p/the-real-energy-use-of-agentic-ai

Sheet Models
A1: Vendor | B1: Model | C1: Size | D1: Intelligence index (AA) | E1: Index basis | F1: Effort class | G1: Supports reasoning | H1: Agent-capable | I1: Terminal-Bench Hard (%) | J1: Tau2-Bench Telecom (%) | K1: Wh per query, low | L1: Wh per query, central | M1: Wh per query, high | N1: Wh per 1K output tokens | O1: CIF (kgCO2e/kWh) | P1: Confidence
A2: OpenAI | B2: GPT-5 (high) | C2: Large | D2: 45 | E2: measured | F2: high | G2: yes | H2: yes | I2: 33 | J2: 85 | K2: 12.345 | L2: 21.311 | M2: 30.278 | N2: =L2/1.5 -> 14.207333 | O2: 0.34 | P2: B
A3: OpenAI | B3: GPT-5 mini (medium) | C3: Medium | D3: 39 | E3: measured | F3: medium | G3: yes | H3: yes | I3: 29 | J3: 71 | K3: 2.339 | L3: 3.65 | M3: 4.961 | N3: =L3/1.5 -> 2.4333333 | O3: 0.34 | P3: B
A4: OpenAI | B4: GPT-5 nano (minimal) | C4: Small | D4: 14 | E4: measured | F4: none | G4: yes | H4: no | I4: 7 | J4: 26 | K4: 0.537 | L4: 0.634 | M4: 0.732 | N4: =L4/1.5 -> 0.42266667 | O4: 0.34 | P4: B
A5: Anthropic | B5: Claude Opus 5 | C5: Large | D5: 61 | E5: measured | F5: high | G5: yes | H5: yes | K5: 10.9 | L5: 14.46 | M5: 18.1 | N5: =L5/1.5 -> 9.64 | O5: 0.3 | P5: C
A6: Anthropic | B6: Claude 4.5 Sonnet | C6: Large | D6: 43 | E6: measured | F6: medium | G6: yes | H6: yes | I6: 36 | J6: 78 | K6: 7.633 | L6: 9.79 | M6: 11.947 | N6: =L6/1.5 -> 6.5266667 | O6: 0.3 | P6: B
A7: Anthropic | B7: Claude 4.5 Haiku | C7: Large | D7: 37 | E7: measured | F7: medium | G7: yes | H7: yes | I7: 27 | J7: 55 | K7: 2.099 | L7: 11.199 | M7: 20.3 | N7: =L7/1.5 -> 7.466 | O7: 0.3 | P7: B
A8: Google | B8: Gemini 2.5 Pro | C8: Large | D8: 35 | E8: measured | F8: medium | G8: yes | H8: yes | I8: 27 | J8: 54 | K8: 2.25 | L8: 3.155 | M8: 4.06 | N8: =L8/1.5 -> 2.1033333 | O8: 0.231 | P8: B
A9: Google | B9: Gemini 2.5 Flash | C9: Large | D9: 27 | E9: measured | F9: none | G9: yes | H9: no | I9: 14 | J9: 32 | K9: 1.135 | L9: 2.314 | M9: 3.494 | N9: =L9/1.5 -> 1.5426667 | O9: 0.231 | P9: B
A11: Effort class reflects how the model was benchmarked: high and medium emit reasoning tokens on every task; none answers directly. Agent-capable = Tau2-Bench >= 60% or Terminal-Bench Hard >= 25%. Central energy = mean at 1,500 output tokens; low/high = +/- 1 std.
A12: Source: Jegham et al. pipeline over Artificial Analysis telemetry, snapshot 2026-08-12. Confidence B: estimated from API telemetry. Claude Opus 5 (confidence C): computed with the same formula from Artificial Analysis speed and latency (54.8 tokens/s, ~40 s first token), calibrated on Claude 4.5 Sonnet; no telemetry row exists yet.

Sheet Tasks
A1: Task | B1: Capability floor (intelligence index) | C1: Reasoning required | D1: Agent capability required | E1: Tokens per call, effort none | F1: Tokens per call, effort medium | G1: Tokens per call, effort high | H1: Model calls per task | I1: Basis
A2: Classify or extract | B2: 10 | C2: no | D2: no | E2: 150 | F2: 700 | G2: 1500 | H2: 1 | I2: Short structured output; thinking models burn extra reasoning tokens even here
A3: Draft an email or summary | B3: 18 | C3: no | D3: no | E3: 800 | F3: 2000 | G3: 4000 | H3: 1 | I3: Standard generation; matches the 1,500-token benchmark order of magnitude
A4: Complex analysis | B4: 30 | C4: yes | D4: no | E4: 2000 | F4: 4500 | G4: 8000 | H4: 1 | I4: Reasoning chains; Joule (2026) finds test-time scaling raises energy up to ~13x
A5: Agentic multi-step job | B5: 33 | C5: yes | D5: yes | E5: 1000 | F5: 1500 | G5: 2500 | H5: 13 | I5: ~13 model calls per human input (Climate Brink Claude Code logs); confidence C
A7: Token counts are editorial working assumptions (confidence C): the same task costs more tokens on a thinking model. Floors gate eligibility; models below the floor get a warning in the calculator.
A8: Success proxy used by the optional quality adjustment: success = MAX(0.35, MIN(0.97, 0.6 + 0.02 x (intelligence index - floor))). Confidence C.

Sheet Assumptions
A1: Assumptions
A3: Grid emission factors
A4: Option | B4: kgCO2e per kWh | C4: Source (indicative; verify before external use)
A5: Host default | C5: Uses each model's CIF from the Models sheet
A6: US average | B6: 0.369 | C6: EPA eGRID, latest national output rate
A7: EU average | B7: 0.213 | C7: EEA, generation intensity
A8: Norway | B8: 0.028 | C8: Near-total hydro; Ember
A9: India | B9: 0.713 | C9: Coal-heavy grid; Ember
A10: World average | B10: 0.481 | C10: Ember Global Electricity Review
A12: Equivalents
A13: Quantity | B13: Value | C13: Unit | D13: Source
A14: US household electricity use | B14: 29.6 | C14: kWh per day | D14: EIA 2023: 10,791 kWh per year
A15: Electric vehicle consumption | B15: 0.17 | C15: kWh per km | D15: Typical mid-size EV
A16: Smartphone full charge | B16: 0.012 | C16: kWh | D16: DOE estimate
A17: US household electricity use, annual | B17: 10791 | C17: kWh per year | D17: EIA 2023
A19: Scale constants
A20: Quantity | B20: Value | C20: Unit | D20: Source
A21: Global AI prompts per day (ChatGPT alone) | B21: 2500000000 | C21: prompts per day | D21: OpenAI disclosure, mid-2025; total market is larger
A23: Yellow cells are editable inputs. Everything else recalculates.

Sheet Calculator
A1: Marginal impact calculator
A2: Pick a task, then two models. Tokens per task depend on each model's effort class; models below the task's capability floor get a warning.
A4: Inputs
A5: Task | B5: Draft an email or summary | E5: Yes
A6: Model A (current choice) | B6: GPT-5 (high) | E6: No
A7: Model B (alternative) | B7: Gemini 2.5 Flash
A8: Tasks per month | B8: 1000
A9: Grid emission factor | B9: Host default
A10: Adjust for task success (quality view) | B10: No
B12: Model A | C12: Model B
A13: Intelligence index | B13: =INDEX(Models!$D$2:$D$9,MATCH($B$6,Models!$B$2:$B$9,0)) -> 45 | C13: =INDEX(Models!$D$2:$D$9,MATCH($B$7,Models!$B$2:$B$9,0)) -> 27
A14: Effort class | B14: =INDEX(Models!$F$2:$F$9,MATCH($B$6,Models!$B$2:$B$9,0)) -> high | C14: =INDEX(Models!$F$2:$F$9,MATCH($B$7,Models!$B$2:$B$9,0)) -> none
A15: Tokens per call | B15: =IF(B14="none",INDEX(Tasks!$E$2:$E$5,MATCH($B$5,Tasks!$A$2:$A$5,0)),IF(B14="medium",INDEX(Tasks!$F$2:$F$5,MATCH($B$5,Tasks!$A$2:$A$5,0)),INDEX(Tasks!$G$2:$G$5,MATCH($B$5,Tasks!$A$2:$A$5,0)))) -> 4000 | C15: =IF(C14="none",INDEX(Tasks!$E$2:$E$5,MATCH($B$5,Tasks!$A$2:$A$5,0)),IF(C14="medium",INDEX(Tasks!$F$2:$F$5,MATCH($B$5,Tasks!$A$2:$A$5,0)),INDEX(Tasks!$G$2:$G$5,MATCH($B$5,Tasks!$A$2:$A$5,0)))) -> 800
A16: Model calls per task | B16: =INDEX(Tasks!$H$2:$H$5,MATCH($B$5,Tasks!$A$2:$A$5,0)) -> 1 | C16: =INDEX(Tasks!$H$2:$H$5,MATCH($B$5,Tasks!$A$2:$A$5,0)) -> 1
A17: Total output tokens per task | B17: =B15*B16 -> 4000 | C17: =C15*C16 -> 800
A18: Wh per task attempt (central) | B18: =INDEX(Models!$L$2:$L$9,MATCH($B$6,Models!$B$2:$B$9,0))/1500*B17 -> 56.829333 | C18: =INDEX(Models!$L$2:$L$9,MATCH($B$7,Models!$B$2:$B$9,0))/1500*C17 -> 1.2341333
A19: Wh per task attempt (low) | B19: =INDEX(Models!$K$2:$K$9,MATCH($B$6,Models!$B$2:$B$9,0))/1500*B17 -> 32.92 | C19: =INDEX(Models!$K$2:$K$9,MATCH($B$7,Models!$B$2:$B$9,0))/1500*C17 -> 0.60533333
A20: Wh per task attempt (high) | B20: =INDEX(Models!$M$2:$M$9,MATCH($B$6,Models!$B$2:$B$9,0))/1500*B17 -> 80.741333 | C20: =INDEX(Models!$M$2:$M$9,MATCH($B$7,Models!$B$2:$B$9,0))/1500*C17 -> 1.8634667
A21: Capability check | B21: =IF(OR(B13<INDEX(Tasks!$B$2:$B$5,MATCH($B$5,Tasks!$A$2:$A$5,0)),AND(INDEX(Tasks!$C$2:$C$5,MATCH($B$5,Tasks!$A$2:$A$5,0))="yes",INDEX(Models!$G$2:$G$9,MATCH($B$6,Models!$B$2:$B$9,0))="no"),AND(INDEX(Tasks!$D$2:$D$5,MATCH($B$5,Tasks!$A$2:$A$5,0))="yes",INDEX(Models!$H$2:$H$9,MATCH($B$6,Models!$B$2:$B$9,0))="no")),"Warning: likely not capable of this task","OK") -> OK | C21: =IF(OR(C13<INDEX(Tasks!$B$2:$B$5,MATCH($B$5,Tasks!$A$2:$A$5,0)),AND(INDEX(Tasks!$C$2:$C$5,MATCH($B$5,Tasks!$A$2:$A$5,0))="yes",INDEX(Models!$G$2:$G$9,MATCH($B$7,Models!$B$2:$B$9,0))="no"),AND(INDEX(Tasks!$D$2:$D$5,MATCH($B$5,Tasks!$A$2:$A$5,0))="yes",INDEX(Models!$H$2:$H$9,MATCH($B$7,Models!$B$2:$B$9,0))="no")),"Warning: likely not capable of this task","OK") -> OK
A22: Success proxy (confidence C) | B22: =MAX(0.35,MIN(0.97,0.6+0.02*(B13-INDEX(Tasks!$B$2:$B$5,MATCH($B$5,Tasks!$A$2:$A$5,0))))) -> 0.97 | C22: =MAX(0.35,MIN(0.97,0.6+0.02*(C13-INDEX(Tasks!$B$2:$B$5,MATCH($B$5,Tasks!$A$2:$A$5,0))))) -> 0.78
A23: Wh per task, as displayed | B23: =IF($B$10="Yes",B18/B22,B18) -> 56.829333 | C23: =IF($B$10="Yes",C18/C22,C18) -> 1.2341333
A24: kWh per month | B24: =B23*$B$8/1000 -> 56.829333 | C24: =C23*$B$8/1000 -> 1.2341333
A25: kWh per year | B25: =B24*12 -> 681.952 | C25: =C24*12 -> 14.8096
A27: Impact of switching A to B (positive = switching saves)
A28: Wh difference per task | B28: =B23-C23 -> 55.5952
A29: Share of A's energy avoided | B29: =IF(B23=0,"",(B23-C23)/B23) -> 0.97828352
A30: kWh difference per year (central) | B30: =B25-C25 -> 667.1424
A31: kWh difference per year (low, unadjusted) | B31: =(B19-C20)*$B$8*12/1000 -> 372.6784
A32: kWh difference per year (high, unadjusted) | B32: =(B20-C19)*$B$8*12/1000 -> 961.632
A34: Annual difference in everyday terms (absolute value)
A35: Days of a US household's electricity | B35: =ABS(B30)/Assumptions!$B$14 -> 22.538595
A36: Kilometers of EV driving | B36: =ABS(B30)/Assumptions!$B$15 -> 3924.3671
A37: Smartphone charges | B37: =ABS(B30)/Assumptions!$B$16 -> 55595.2
A39: Carbon (uses grid factor input; positive = avoided by switching)
A40: kgCO2e difference per year | B40: =IF($B$9="Host default",B25*INDEX(Models!$O$2:$O$9,MATCH($B$6,Models!$B$2:$B$9,0))-C25*INDEX(Models!$O$2:$O$9,MATCH($B$7,Models!$B$2:$B$9,0)),B30*INDEX(Assumptions!$B$5:$B$10,MATCH($B$9,Assumptions!$A$5:$A$10,0))) -> 228.44266
A42: If either model shows a capability warning, the energy comparison is not meaningful for this task: the cheaper model may simply fail at it. The success adjustment (row 22) is one way to price that in.

Sheet Scenarios
A1: Scenarios
A3: Headline: right-size by routing
A4: Policy A sends every task to one model. Policy B routes each task tier to the cheapest model that clears the tier's capability floor.
A5: Policy A model (everything) | B5: GPT-5 (high)
A7: Task tier | B7: Share of traffic | C7: Policy B model | D7: Wh per task, policy A | E7: Wh per task, policy B
A8: =Tasks!$A$2 -> Classify or extract | B8: 0.55 | C8: GPT-5 nano (minimal) | D8: =INDEX(Models!$L$2:$L$9,MATCH($B$5,Models!$B$2:$B$9,0))/1500*IF(INDEX(Models!$F$2:$F$9,MATCH($B$5,Models!$B$2:$B$9,0))="none",Tasks!$E$2,IF(INDEX(Models!$F$2:$F$9,MATCH($B$5,Models!$B$2:$B$9,0))="medium",Tasks!$F$2,Tasks!$G$2))*Tasks!$H$2 -> 21.311 | E8: =INDEX(Models!$L$2:$L$9,MATCH($C8,Models!$B$2:$B$9,0))/1500*IF(INDEX(Models!$F$2:$F$9,MATCH($C8,Models!$B$2:$B$9,0))="none",Tasks!$E$2,IF(INDEX(Models!$F$2:$F$9,MATCH($C8,Models!$B$2:$B$9,0))="medium",Tasks!$F$2,Tasks!$G$2))*Tasks!$H$2 -> 0.0634
A9: =Tasks!$A$3 -> Draft an email or summary | B9: 0.3 | C9: Gemini 2.5 Flash | D9: =INDEX(Models!$L$2:$L$9,MATCH($B$5,Models!$B$2:$B$9,0))/1500*IF(INDEX(Models!$F$2:$F$9,MATCH($B$5,Models!$B$2:$B$9,0))="none",Tasks!$E$3,IF(INDEX(Models!$F$2:$F$9,MATCH($B$5,Models!$B$2:$B$9,0))="medium",Tasks!$F$3,Tasks!$G$3))*Tasks!$H$3 -> 56.829333 | E9: =INDEX(Models!$L$2:$L$9,MATCH($C9,Models!$B$2:$B$9,0))/1500*IF(INDEX(Models!$F$2:$F$9,MATCH($C9,Models!$B$2:$B$9,0))="none",Tasks!$E$3,IF(INDEX(Models!$F$2:$F$9,MATCH($C9,Models!$B$2:$B$9,0))="medium",Tasks!$F$3,Tasks!$G$3))*Tasks!$H$3 -> 1.2341333
A10: =Tasks!$A$4 -> Complex analysis | B10: 0.12 | C10: Gemini 2.5 Pro | D10: =INDEX(Models!$L$2:$L$9,MATCH($B$5,Models!$B$2:$B$9,0))/1500*IF(INDEX(Models!$F$2:$F$9,MATCH($B$5,Models!$B$2:$B$9,0))="none",Tasks!$E$4,IF(INDEX(Models!$F$2:$F$9,MATCH($B$5,Models!$B$2:$B$9,0))="medium",Tasks!$F$4,Tasks!$G$4))*Tasks!$H$4 -> 113.65867 | E10: =INDEX(Models!$L$2:$L$9,MATCH($C10,Models!$B$2:$B$9,0))/1500*IF(INDEX(Models!$F$2:$F$9,MATCH($C10,Models!$B$2:$B$9,0))="none",Tasks!$E$4,IF(INDEX(Models!$F$2:$F$9,MATCH($C10,Models!$B$2:$B$9,0))="medium",Tasks!$F$4,Tasks!$G$4))*Tasks!$H$4 -> 9.465
A11: =Tasks!$A$5 -> Agentic multi-step job | B11: 0.03 | C11: Gemini 2.5 Pro | D11: =INDEX(Models!$L$2:$L$9,MATCH($B$5,Models!$B$2:$B$9,0))/1500*IF(INDEX(Models!$F$2:$F$9,MATCH($B$5,Models!$B$2:$B$9,0))="none",Tasks!$E$5,IF(INDEX(Models!$F$2:$F$9,MATCH($B$5,Models!$B$2:$B$9,0))="medium",Tasks!$F$5,Tasks!$G$5))*Tasks!$H$5 -> 461.73833 | E11: =INDEX(Models!$L$2:$L$9,MATCH($C11,Models!$B$2:$B$9,0))/1500*IF(INDEX(Models!$F$2:$F$9,MATCH($C11,Models!$B$2:$B$9,0))="none",Tasks!$E$5,IF(INDEX(Models!$F$2:$F$9,MATCH($C11,Models!$B$2:$B$9,0))="medium",Tasks!$F$5,Tasks!$G$5))*Tasks!$H$5 -> 41.015
A13: Share check (should be 100%) | B13: =SUM(B8:B11) -> 1
A14: Weighted Wh per average task, policy A | B14: =SUMPRODUCT($B$8:$B$11,D8:D11) -> 56.26104
A15: Weighted Wh per average task, policy B | B15: =SUMPRODUCT($B$8:$B$11,E8:E11) -> 2.77136
A16: Energy avoided by routing | B16: =IF(B14=0,"",1-B15/B14) -> 0.95074105
A18: Share of global traffic actually migrated | B18: 0.5
A19: GWh saved per year at ChatGPT scale | B19: =(B14-B15)*B18*Assumptions!$B$21*365/1000000000 -> 24404.666
A20: US households powered for a year | B20: =B19*1000000/Assumptions!$B$17 -> 2261576
A21: tCO2e avoided per year (world average grid) | B21: =B19*1000000*Assumptions!$B$10/1000 -> 11738645
A24: Shift one model to another
A25: Simple version: a share of standard queries (1,500 output tokens) moves from one model to another. Positive results mean the shift saves; negative means it adds.
A26: Prompts per day | B26: =Assumptions!$B$21 -> 2500000000
A27: Share shifted | B27: 0.01
A28: From model | B28: GPT-5 (high)
A29: To model | B29: GPT-5 mini (medium)
A31: Wh per query, from / to | B31: =TEXT(INDEX(Models!$L$2:$L$9,MATCH($B$28,Models!$B$2:$B$9,0)),"0.00")&" / "&TEXT(INDEX(Models!$L$2:$L$9,MATCH($B$29,Models!$B$2:$B$9,0)),"0.00") -> 21.31 / 3.65
A32: GWh difference per year | B32: =(INDEX(Models!$L$2:$L$9,MATCH($B$28,Models!$B$2:$B$9,0))-INDEX(Models!$L$2:$L$9,MATCH($B$29,Models!$B$2:$B$9,0)))*B26*B27*365/1000000000 -> 161.15662
A33: US households powered for a year (absolute) | B33: =ABS(B32)*1000000/Assumptions!$B$17 -> 14934.355
A34: tCO2e difference per year (world average grid) | B34: =B32*1000000*Assumptions!$B$10/1000 -> 77516.337
A37: Same model, different grid
A38: Model | B38: Claude 4.5 Sonnet
A39: kWh per 1M standard queries | B39: =INDEX(Models!$L$2:$L$9,MATCH($B$38,Models!$B$2:$B$9,0))*1000000/1000 -> 9790
A40: tCO2e per 1M queries, Norway grid | B40: =B39*Assumptions!$B$8/1000 -> 0.27412
A41: tCO2e per 1M queries, India grid | B41: =B39*Assumptions!$B$9/1000 -> 6.98027
A42: Carbon multiple, India vs Norway | B42: =IF(B40=0,"",B41/B40) -> 25.464286

Sheet Impact
A1: Donor impact scenarios
A2: What a $1M eco-labeling project could plausibly influence. Impact scales with the share of global inference traffic that routing integrations, procurement standards, and disclosure pressure reach.
A4: Parameters
A5: Global AI inference electricity, 2026 (GWh) | B5: 120000 | C5: IEA: AI data centers ~155 TWh in 2025, +30%/yr, ~60% inference share. Confidence C.
A6: Wholesale electricity price ($/MWh) | B6: 80 | C6: Indicative global blend
A7: Grid carbon intensity (kgCO2e/kWh) | B7: 0.481 | C7: Ember world average
A8: Project cost ($) | B8: 1000000 | C8: First-year grant
A11: Scenarios
A12: Scenario | B12: Influenced share of inference | C12: Energy saved on influenced slice | D12: GWh saved per year | E12: $M saved per year | F12: ktCO2e avoided per year | G12: $ per tCO2e | H12: Annual leverage (savings / cost)
A13: Conservative | B13: 0.001 | C13: 0.3 | D13: =$B$5*B13*C13 -> 36 | E13: =D13*$B$6/1000 -> 2.88 | F13: =D13*$B$7 -> 17.316 | G13: =IF(F13=0,"",$B$8/(F13*1000)) -> 57.750058 | H13: =E13*1000000/$B$8 -> 2.88
A14: Central | B14: 0.005 | C14: 0.5 | D14: =$B$5*B14*C14 -> 300 | E14: =D14*$B$6/1000 -> 24 | F14: =D14*$B$7 -> 144.3 | G14: =IF(F14=0,"",$B$8/(F14*1000)) -> 6.9300069 | H14: =E14*1000000/$B$8 -> 24
A15: Ambitious | B15: 0.02 | C15: 0.7 | D15: =$B$5*B15*C15 -> 1680 | E15: =D15*$B$6/1000 -> 134.4 | F15: =D15*$B$7 -> 808.08 | G15: =IF(F15=0,"",$B$8/(F15*1000)) -> 1.2375012 | H15: =E15*1000000/$B$8 -> 134.4
A17: Reading the table: the Central case assumes integrations and standards reach 0.5% of global inference traffic and cut its energy in half, consistent with the per-task savings this workbook demonstrates. Even the Conservative case returns roughly 3x the grant annually; the abatement cost compares favorably with typical climate philanthropy at $10-100 per tCO2e.
A19: Why platform-layer leverage is plausible: OpenRouter routes 20T+ tokens weekly and its mix already shifted heavily toward cheap models on price alone; Google processed 3.2 quadrillion tokens in May 2026; ~97% of Anthropic API usage is automation-dominant. One routing integration moves more traffic than any number of individual user choices.
